Datetime,Water Level (m)
2025-08-26 18:00:00,0.14391607
2025-08-26 19:00:00,0.60214204
2025-08-26 20:00:00,1.1451834
2025-08-26 21:00:00,1.6167604
2025-08-26 22:00:00,1.8980411
2025-08-26 23:00:00,1.8774811
2025-08-27 00:00:00,1.537783
2025-08-27 01:00:00,1.0425444
2025-08-27 02:00:00,0.49838683
2025-08-27 03:00:00,-0.018846966
2025-08-27 04:00:00,-0.45371276
2025-08-27 05:00:00,-0.4122061
2025-08-27 06:00:00,0.114639334
2025-08-27 07:00:00,0.5830026
2025-08-27 08:00:00,1.1449285
2025-08-27 09:00:00,1.6552937
2025-08-27 10:00:00,2.0027418
2025-08-27 11:00:00,2.0334601
2025-08-27 12:00:00,1.7393045
2025-08-27 13:00:00,1.2501322
2025-08-27 14:00:00,0.6881429
2025-08-27 15:00:00,0.16487753
2025-08-27 16:00:00,-0.28912053
2025-08-27 17:00:00,-0.45879385
2025-08-27 18:00:00,-0.0301288
2025-08-27 19:00:00,0.41128588
2025-08-27 20:00:00,0.91476864
2025-08-27 21:00:00,1.4696101
2025-08-27 22:00:00,1.862259
2025-08-27 23:00:00,1.990617
2025-08-28 00:00:00,1.7806796
2025-08-28 01:00:00,1.3404702
2025-08-28 02:00:00,0.7938484
2025-08-28 03:00:00,0.2748745
2025-08-28 04:00:00,-0.21019661
2025-08-28 05:00:00,-0.4478823
2025-08-28 06:00:00,-0.105517335
2025-08-28 07:00:00,0.33556157
2025-08-28 08:00:00,0.8115367
2025-08-28 09:00:00,1.3315766
2025-08-28 10:00:00,1.7446065
2025-08-28 11:00:00,1.9161732
2025-08-28 12:00:00,1.7509968
2025-08-28 13:00:00,1.3456283
2025-08-28 14:00:00,0.8238541
2025-08-28 15:00:00,0.3110943
2025-08-28 16:00:00,-0.17346434
2025-08-28 17:00:00,-0.48288786
2025-08-28 18:00:00,-0.30288076
2025-08-28 19:00:00,0.14201178
2025-08-28 20:00:00,0.5788047
2025-08-28 21:00:00,1.1226943
2025-08-28 22:00:00,1.5776352
2025-08-28 23:00:00,1.8693475
2025-08-29 00:00:00,1.8456376
2025-08-29 01:00:00,1.5342826
2025-08-29 02:00:00,1.0591152
2025-08-29 03:00:00,0.5424251
2025-08-29 04:00:00,0.08278186
2025-08-29 05:00:00,-0.29096574
2025-08-29 06:00:00,-0.30848917
2025-08-29 07:00:00,0.07638757
2025-08-29 08:00:00,0.45573112
2025-08-29 09:00:00,0.9584029
2025-08-29 10:00:00,1.3983891
2025-08-29 11:00:00,1.7149715
2025-08-29 12:00:00,1.7377406
2025-08-29 13:00:00,1.4714736
2025-08-29 14:00:00,1.024182
2025-08-29 15:00:00,0.52214515
2025-08-29 16:00:00,0.06736944
2025-08-29 17:00:00,-0.33101836
2025-08-29 18:00:00,-0.42978084
2025-08-29 19:00:00,-0.1069013
2025-08-29 20:00:00,0.27211934
2025-08-29 21:00:00,0.74309826
2025-08-29 22:00:00,1.225713
2025-08-29 23:00:00,1.5909332
2025-08-30 00:00:00,1.7500297
2025-08-30 01:00:00,1.6248504
2025-08-30 02:00:00,1.2539084
2025-08-30 03:00:00,0.79202765
2025-08-30 04:00:00,0.32590887
2025-08-30 05:00:00,-0.059614323
2025-08-30 06:00:00,-0.29060984
2025-08-30 07:00:00,-0.16111092
2025-08-30 08:00:00,0.16116126
2025-08-30 09:00:00,0.51110744
2025-08-30 10:00:00,0.9579923
2025-08-30 11:00:00,1.3044814
2025-08-30 12:00:00,1.4900925
2025-08-30 13:00:00,1.4031346
2025-08-30 14:00:00,1.0922112
2025-08-30 15:00:00,0.6594549
2025-08-30 16:00:00,0.2197317
2025-08-30 17:00:00,-0.16373321
2025-08-30 18:00:00,-0.4194734
2025-08-30 19:00:00,-0.3416954
2025-08-30 20:00:00,-0.015738219
2025-08-30 21:00:00,0.3318227
2025-08-30 22:00:00,0.79051775
2025-08-30 23:00:00,1.1995636
2025-08-31 00:00:00,1.4924121
2025-08-31 01:00:00,1.5779045
2025-08-31 02:00:00,1.4074075
2025-08-31 03:00:00,1.0591481
2025-08-31 04:00:00,0.6450078
2025-08-31 05:00:00,0.24723557
2025-08-31 06:00:00,-0.066346124
2025-08-31 07:00:00,-0.22035646
2025-08-31 08:00:00,-0.08616043
2025-08-31 09:00:00,0.16672625
2025-08-31 10:00:00,0.4741446
2025-08-31 11:00:00,0.84374064
2025-08-31 12:00:00,1.1115425
2025-08-31 13:00:00,1.2230926
2025-08-31 14:00:00,1.1215193
2025-08-31 15:00:00,0.841718
2025-08-31 16:00:00,0.47903684
2025-08-31 17:00:00,0.121573314
2025-08-31 18:00:00,-0.16990313
2025-08-31 19:00:00,-0.33091214
2025-08-31 20:00:00,-0.21578445
2025-08-31 21:00:00,0.046072405
2025-08-31 22:00:00,0.36142966
2025-08-31 23:00:00,0.77099127
2025-09-01 00:00:00,1.1293201
2025-09-01 01:00:00,1.3807805
2025-09-01 02:00:00,1.4634571
2025-09-01 03:00:00,1.3314406
2025-09-01 04:00:00,1.0467873
2025-09-01 05:00:00,0.6981302
2025-09-01 06:00:00,0.36121437
2025-09-01 07:00:00,0.08559322
2025-09-01 08:00:00,-0.08687149
2025-09-01 09:00:00,-0.07139334
2025-09-01 10:00:00,0.08922506
2025-09-01 11:00:00,0.30791664
2025-09-01 12:00:00,0.5904224
2025-09-01 13:00:00,0.8381875
2025-09-01 14:00:00,0.98300135
2025-09-01 15:00:00,0.98000926
2025-09-01 16:00:00,0.826013
2025-09-01 17:00:00,0.563855
2025-09-01 18:00:00,0.27906588
